id,data_inizio,data_fine,tipo_lavoro,stipendio_lavoro,impiegato
1,2008-06-05,,Proprietario,3255,1
2,2009-03-17,'2016-02-17',Manutentore,1549,8
3,2009-05-25,,Magazziniere,1311,2
4,2009-06-19,,Addetto ai macchinari,1280,5
7,2009-06-28,,Programmatore,1650,9
8,2010-01-16,,Amministratore del personale,1641,22
12,2010-01-28,'2017-04-29',Magazziniere,1309,18
13,2010-02-28,,Addetto ai macchinari,1279,13
15,2010-03-14,'2017-07-09',Manutentore,1521,15
16,2010-03-27,'2017-05-19',Operaio,1201,28
21,2010-06-28,'2014-12-14',Addetto ai macchinari,1346,25
23,2010-09-07,,Manutentore,1458,14
25,2010-11-09,'2017-03-21',Tecnico,1315,11
28,2011-01-13,,Analista,1634,51
31,2011-03-16,'2015-07-31',Addetto ai macchinari,1317,63
32,2011-03-30,,Segretario,1495,42
34,2011-04-14,,Organizzatore,1708,58
35,2011-04-26,'2017-10-18',Consulente,1445,60
37,2011-05-09,'2015-09-07',Operaio,1198,55
39,2011-06-30,'2015-02-12',Addetto ai macchinari,1317,37
40,2011-07-04,'2017-12-09',Operaio,1239,53
44,2011-07-28,'2015-11-05',Addetto ai macchinari,1341,46
47,2011-08-08,,Specialista,1557,35
50,2011-09-06,'2017-03-16',Operaio,1169,54
53,2011-10-27,'2017-04-07',Addetto ai macchinari,1311,40
55,2011-10-31,'2015-03-28',Magazziniere,1268,32
57,2011-12-04,'2017-03-17',Consulente,1442,49
58,2012-01-21,'2018-01-01',Mediatore,1599,67
61,2012-04-07,,Operaio,1180,73
63,2012-04-26,'2018-10-16',Manutentore,1465,85
64,2012-05-09,'2018-08-18',Manager,1604,93
67,2012-05-17,'2016-06-26',Addetto ai macchinari,1334,66
69,2012-05-27,'2018-12-24',Consulente,1360,84
70,2012-06-08,,Manutentore,1480,71
71,2012-06-24,'2016-06-14',Operaio,1154,64
72,2012-06-25,'2018-04-21',Operaio,1239,91
74,2012-06-28,'2018-02-19',Operaio,1180,72
75,2012-07-14,'2018-10-06',Consulente,1367,77
76,2012-08-20,'2018-02-03',Supervisore,1554,82
77,2012-09-07,'2016-10-29',Ricercatore,1547,78
79,2012-09-16,'2016-11-16',Operaio,1185,69
82,2012-10-31,'2018-07-20',Operaio,1198,83
83,2012-11-13,'2018-12-08',Autista,1471,94
85,2012-11-14,'2016-03-19',Addetto ai macchinari,1277,89
86,2012-11-19,'2016-07-23',Addetto ai macchinari,1294,81
88,2012-11-21,'2016-06-30',Magazziniere,1267,74
89,2012-12-08,'2016-09-22',Ricercatore,1526,79
91,2013-01-03,'2016-03-16',Operaio,1154,98
92,2013-02-21,,Autista,1496,96
93,2013-02-22,'2016-08-01',Segretario,1533,123
94,2013-02-23,'2018-03-19',Supervisore,1509,99
95,2013-02-28,'2016-03-29',Operaio,1185,125
96,2013-03-05,'2016-12-12',Operaio,1180,97
97,2013-03-13,'2018-05-10',Tecnico,1310,111
98,2013-03-18,'2018-12-04',Addetto ai macchinari,1333,103
99,2013-04-09,,Consulente avvocato,1790,116
100,2013-04-19,'2018-07-31',Ragioniere,1473,107
101,2013-05-21,,Direttore logistica,1830,127
103,2013-07-06,'2016-01-16',Magazziniere,1347,106
105,2013-07-20,,Amministratore del personale,1593,122
107,2013-08-11,'2016-01-24',Operaio,1174,120
108,2013-08-14,'2016-09-02',Manager,1573,109
109,2013-08-24,'2018-05-25',Tecnico,1253,124
110,2013-08-30,'2016-09-18',Operaio,1179,117
112,2013-09-06,,Analista,1643,108
113,2013-09-21,,Programmatore,1619,101
114,2013-10-02,'2016-01-20',Addetto ai macchinari,1316,114
116,2013-11-03,'2016-03-30',Operaio,1228,105
117,2013-11-24,,Programmatore,1648,113
118,2013-11-29,'2016-12-28',Manutentore,1461,102
119,2013-12-13,,Segretario,1484,100
120,2013-12-26,'2018-02-03',Operaio,1197,112
121,2013-12-28,'2018-11-30',Manutentore,1464,118
122,2014-01-02,'2017-09-20',Magazziniere,1308,145
123,2014-01-09,'2017-09-13',Operaio,1230,132
124,2014-02-10,,Commercialista,1899,136
125,2014-02-13,'2017-11-02',Operaio,1211,163
126,2014-02-14,'2019-01-14',Segretario,1509,149
127,2014-02-28,,Programmatore,1620,150
128,2014-03-02,'2017-05-08',Segretario,1480,148
129,2014-03-18,'2017-01-30',Manager,1642,160
130,2014-04-30,'2019-09-22',Magazziniere,1348,139
131,2014-05-11,'2017-09-01',Tecnico,1318,143
132,2014-06-13,'2017-11-24',Consulente,1367,158
134,2014-06-25,'2017-06-06',Mediatore,1650,153
135,2014-06-30,,Gestore,2032,162
136,2014-07-06,'2017-12-04',Magazziniere,1346,137
137,2014-07-13,'2019-05-04',Segretario,1467,164
138,2014-07-17,,Magazziniere,1349,161
139,2014-07-27,'2017-10-03',Mediatore,1610,152
140,2014-09-03,'2017-12-11',Addetto ai macchinari,1313,157
141,2014-09-05,,Consulente avvocato,1733,146
142,2014-10-03,'2017-04-07',Operaio,1154,142
143,2014-10-06,'2019-02-08',Organizzatore,1669,130
144,2014-10-11,'2017-05-24',Addetto ai macchinari,1326,138
146,2014-10-12,,Commercialista,1895,167
148,2014-10-13,'2017-04-17',Addetto ai macchinari,1283,140
150,2014-10-17,,Analista,1631,135
151,2014-10-21,'2017-09-19',Segretario,1462,133
153,2014-10-23,'2017-10-17',Tecnico,1288,165
155,2014-10-27,,Magazziniere,1344,147
156,2014-11-07,'2019-03-18',Segretario,1491,155
158,2014-11-16,'2019-04-23',Manutentore,1520,156
159,2014-12-03,'2017-05-07',Segretario,1460,159
160,2014-12-09,'2019-06-11',Ragioniere,1474,128
161,2014-12-12,'2019-10-18',Organizzatore,1745,151
163,2014-12-14,'2017-04-24',Ragioniere,1505,129
164,2014-12-14,'2019-09-03',Programmatore,1644,25
165,2014-12-24,'2017-10-15',Addetto ai macchinari,1310,166
166,2015-01-23,'2018-05-16',Magazziniere,1349,213
167,2015-02-01,'2018-07-12',Tecnico,1280,183
169,2015-02-08,'2019-01-11',Autista,1470,205
170,2015-02-12,'2019-10-07',Manutentore,1481,37
171,2015-02-15,,Segretario,1462,215
172,2015-03-01,'2019-06-26',Magazziniere,1294,178
173,2015-03-07,'2018-05-11',Addetto ai macchinari,1289,190
174,2015-03-10,'2018-02-28',Segretario,1466,196
176,2015-03-11,,Programmatore,1609,177
177,2015-03-28,'2019-02-01',Autista,1458,32
178,2015-03-29,'2019-06-28',Operaio,1239,181
180,2015-03-29,'2019-06-14',Addetto ai macchinari,1320,211
181,2015-04-16,'2019-09-28',Operaio,1196,184
182,2015-04-30,'2018-03-08',Magazziniere,1272,174
183,2015-05-02,'2018-12-14',Magazziniere,1269,185
184,2015-05-05,'2019-09-12',Manutentore,1549,182
185,2015-05-14,,Tecnico,1264,199
186,2015-05-17,'2018-08-15',Operaio,1191,193
187,2015-05-19,'2019-10-20',Manager,1612,208
189,2015-05-21,'2018-02-19',Operaio,1182,194
190,2015-06-15,'2019-07-08',Magazziniere,1320,170
191,2015-07-05,'2019-05-16',Segretario,1514,191
192,2015-07-06,'2018-06-12',Magazziniere,1280,212
193,2015-07-08,'2019-06-14',Manager,1564,189
194,2015-07-11,,Autista,1462,197
195,2015-07-21,'2018-11-24',Addetto ai macchinari,1340,192
196,2015-07-26,'2018-02-26',Consulente,1415,180
197,2015-07-31,'2019-01-08',Manutentore,1476,63
198,2015-08-08,'2018-11-12',Addetto ai macchinari,1261,187
199,2015-08-17,'2019-03-21',Addetto ai macchinari,1331,209
200,2015-08-19,'2019-04-27',Segretario,1524,188
201,2015-09-03,'2019-03-04',Operaio,1246,214
202,2015-09-07,'2019-12-12',Addetto ai macchinari,1275,55
203,2015-09-27,'2018-02-11',Addetto ai macchinari,1259,168
204,2015-09-27,,Supervisore,1496,198
205,2015-10-12,,Direttore logistica,1832,202
206,2015-10-15,'2018-02-07',Ragioniere,1492,203
207,2015-10-30,'2019-08-23',Addetto ai macchinari,1269,204
209,2015-11-03,'2019-02-27',Segretario,1516,172
210,2015-11-04,,Ricercatore,1498,173
211,2015-11-05,,Manutentore,1520,200
212,2015-11-05,'2019-04-24',Manutentore,1515,46
213,2015-11-14,,Ingegnere ricercatore,1900,176
214,2015-11-30,'2019-10-14',Supervisore,1548,195
215,2015-12-05,'2018-05-28',Addetto ai macchinari,1312,175
216,2015-12-09,'2019-03-25',Autista,1458,206
217,2015-12-19,'2019-11-07',Programmatore,1624,201
218,2016-01-09,'2020-02-04',Organizzatore,1727,260
219,2016-01-11,,Magazziniere,1348,227
220,2016-01-16,'2020-11-28',Operaio,1174,242
221,2016-01-16,'2020-02-28',Autista,1488,106
222,2016-01-17,'2020-05-24',Addetto ai macchinari,1255,240
223,2016-01-20,'2020-12-19',Manutentore,1496,114
224,2016-01-21,'2018-10-04',Magazziniere,1324,216
225,2016-01-24,'2020-12-08',Programmatore,1640,120
226,2016-02-01,'2018-03-27',Magazziniere,1348,243
227,2016-02-11,'2020-03-05',Operaio,1228,253
228,2016-02-17,,Programmatore,1638,8
229,2016-03-07,,Addetto ai macchinari,1350,224
230,2016-03-12,'2018-05-18',Addetto ai macchinari,1331,246
231,2016-03-16,'2020-02-14',Manutentore,1518,98
232,2016-03-19,'2019-06-16',Manutentore,1530,89
233,2016-03-23,'2020-11-20',Magazziniere,1262,226
234,2016-03-23,'2020-01-09',Addetto ai macchinari,1328,232
235,2016-03-29,'2020-04-03',Manutentore,1466,125
236,2016-03-30,'2020-12-17',Tecnico,1253,105
237,2016-04-04,,Magazziniere,1289,250
238,2016-04-08,,Supervisore,1491,233
239,2016-04-11,'2018-05-08',Addetto ai macchinari,1334,267
240,2016-04-17,'2018-05-26',Operaio,1150,217
241,2016-04-18,,Addetto ai macchinari,1285,261
242,2016-04-24,,Ingegnere,1865,247
243,2016-04-27,'2018-05-25',Operaio,1214,220
245,2016-04-27,,Amministratore,1660,263
246,2016-04-30,,Ingegnere,1943,256
247,2016-05-01,,Manutentore,1501,258
248,2016-05-11,'2020-09-01',Magazziniere,1329,230
249,2016-05-29,'2018-02-28',Operaio,1209,245
251,2016-06-05,,Analista,1630,229
252,2016-06-07,,Programmatore,1629,238
253,2016-06-11,,Ragioniere,1494,248
254,2016-06-14,'2019-03-15',Supervisore,1485,64
255,2016-06-19,,Addetto ai macchinari,1349,239
256,2016-06-23,'2020-05-17',Supervisore,1595,262
257,2016-06-26,'2019-11-09',Manutentore,1492,66
258,2016-06-29,'2020-05-01',Manutentore,1462,266
259,2016-06-30,'2019-03-14',Autista,1459,74
260,2016-07-23,'2019-04-21',Manutentore,1455,81
261,2016-07-27,'2020-10-15',Manager,1631,251
262,2016-08-01,'2020-06-19',Consulente avvocato,1788,123
263,2016-08-13,'2018-12-23',Operaio,1244,225
264,2016-08-22,,Autista,1523,237
265,2016-09-02,'2020-02-11',Amministratore,1706,109
266,2016-09-03,'2020-05-26',Operaio,1166,228
267,2016-09-12,'2018-05-16',Addetto ai macchinari,1331,241
268,2016-09-18,'2020-12-07',Tecnico,1301,117
270,2016-09-22,'2019-10-22',Analista,1594,79
271,2016-10-07,,Segretario,1452,218
272,2016-10-08,'2018-08-08',Ricercatore,1493,219
273,2016-10-29,'2019-06-24',Analista,1590,78
274,2016-11-16,,Manutentore,1503,222
275,2016-11-16,'2019-04-28',Manutentore,1498,69
277,2016-11-18,'2018-05-19',Addetto ai macchinari,1349,234
278,2016-11-20,,Gestore,1982,231
279,2016-11-24,'2020-08-01',Manutentore,1475,265
280,2016-11-25,'2018-09-17',Operaio,1233,254
281,2016-11-26,'2018-08-09',Manager,1613,255
282,2016-12-06,,Addetto ai macchinari,1294,268
283,2016-12-10,'2018-03-17',Operaio,1198,264
284,2016-12-12,,Programmatore,1587,244
285,2016-12-12,'2020-10-16',Addetto ai macchinari,1350,97
286,2016-12-19,'2018-06-14',Operaio,1194,236
288,2016-12-23,,Mediatore,1602,235
289,2016-12-26,'2018-05-29',Addetto ai macchinari,1340,269
290,2016-12-28,'2020-12-03',Programmatore,1624,102
291,2016-12-29,,Addetto ai macchinari,1266,223
293,2016-12-29,'2020-02-26',Addetto ai macchinari,1304,252
294,2016-12-30,'2020-02-14',Autista,1479,249
295,2017-01-06,'2019-08-18',Magazziniere,1319,291
296,2017-01-26,,Amministratore del personale,1581,271
298,2017-01-26,,Programmatore,1597,310
299,2017-01-28,,Manutentore,1526,276
300,2017-01-30,'2020-04-08',Autista,1524,272
301,2017-01-30,'2020-03-29',Amministratore,1700,160
302,2017-02-12,'2020-09-14',Supervisore,1531,273
303,2017-02-24,'2020-08-18',Magazziniere,1338,305
304,2017-02-25,,Gestore,1972,323
305,2017-02-26,,Supervisore,1459,318
306,2017-03-09,'2020-06-06',Supervisore,1509,319
307,2017-03-16,,Manutentore,1531,54
308,2017-03-17,,Ragioniere,1480,49
309,2017-03-18,'2020-03-13',Operaio,1211,303
310,2017-03-21,'2020-11-26',Addetto ai macchinari,1278,316
311,2017-03-21,,Supervisore,1465,11
312,2017-03-25,,Operaio,1172,286
313,2017-03-28,'2020-12-26',Magazziniere,1341,313
314,2017-03-29,'2019-08-06',Magazziniere,1318,293
315,2017-04-07,'2020-06-07',Addetto ai macchinari,1264,142
316,2017-04-07,,Manutentore,1450,40
317,2017-04-09,'2020-05-16',Supervisore,1509,304
318,2017-04-17,'2020-05-06',Manutentore,1451,140
319,2017-04-18,,Mediatore,1569,297
321,2017-04-18,'2020-05-21',Addetto ai macchinari,1335,309
323,2017-04-19,'2019-02-28',Operaio,1193,307
324,2017-04-24,'2020-05-23',Analista,1572,129
326,2017-04-29,,Autista,1543,18
327,2017-05-03,,Ingegnere,1914,280
329,2017-05-05,'2020-02-21',Ricercatore,1482,302
330,2017-05-06,'2020-06-23',Segretario,1489,288
331,2017-05-07,'2020-11-28',Consulente avvocato,1730,159
333,2017-05-08,'2020-11-16',Supervisore,1504,148
334,2017-05-19,,Supervisore,1471,28
335,2017-05-24,'2020-02-22',Manutentore,1538,138
336,2017-05-25,,Addetto ai macchinari,1257,329
337,2017-06-04,,Ragioniere,1526,294
338,2017-06-05,,Gestore,1970,328
339,2017-06-06,'2020-11-06',Mediatore,1551,274
340,2017-06-06,'2020-12-28',Organizzatore,1683,153
341,2017-06-20,,Avvocato,1922,324
342,2017-06-21,'2019-05-25',Operaio,1227,287
343,2017-06-27,,Consulente avvocato,1777,278
344,2017-06-27,'2020-03-28',Magazziniere,1254,333
346,2017-07-09,,Ingegnere,1942,15
347,2017-07-15,,Addetto ai macchinari,1312,326
348,2017-07-17,'2020-02-22',Addetto ai macchinari,1340,281
349,2017-07-19,'2020-02-25',Supervisore,1567,298
350,2017-07-19,,Autista,1547,332
351,2017-07-26,'2020-10-06',Consulente,1351,334
353,2017-07-27,'2020-04-23',Operaio,1168,275
354,2017-08-02,'2020-10-12',Addetto ai macchinari,1261,285
355,2017-08-03,'2019-08-10',Operaio,1181,331
357,2017-08-19,'2020-01-02',Operaio,1153,295
358,2017-08-19,,Segretario,1528,317
359,2017-08-26,'2020-04-25',Operaio,1217,290
360,2017-09-01,'2020-03-02',Supervisore,1526,143
361,2017-09-04,'2019-04-25',Ricercatore,1450,279
362,2017-09-13,'2020-10-02',Tecnico,1339,132
363,2017-09-19,'2020-10-01',Supervisore,1511,133
364,2017-09-20,'2020-12-01',Autista,1469,145
365,2017-09-27,,Manutentore,1519,321
366,2017-09-30,'2020-03-16',Addetto ai macchinari,1307,314
367,2017-10-03,'2020-07-17',Organizzatore,1663,152
368,2017-10-10,'2020-02-16',Manutentore,1453,308
369,2017-10-12,,Programmatore,1558,277
371,2017-10-12,'2020-09-06',Organizzatore,1676,300
372,2017-10-15,'2020-10-01',Manutentore,1501,166
373,2017-10-16,'2019-09-06',Addetto ai macchinari,1310,299
374,2017-10-17,'2020-04-18',Supervisore,1519,165
375,2017-10-18,,Mediatore,1576,330
376,2017-10-18,,Analista,1634,60
377,2017-10-21,,Analista,1576,270
378,2017-10-22,'2019-03-09',Operaio,1162,325
379,2017-11-02,'2020-06-11',Programmatore,1626,163
380,2017-11-06,'2019-10-08',Operaio,1218,312
381,2017-11-07,,Tecnico,1320,315
382,2017-11-12,'2019-10-24',Manutentore,1531,283
383,2017-11-20,'2019-07-18',Operaio,1169,284
384,2017-11-24,'2020-07-27',Ragioniere,1508,158
385,2017-11-27,'2019-09-06',Manager,1603,320
386,2017-11-30,,Amministratore,1689,301
387,2017-12-04,'2020-10-06',Autista,1496,137
388,2017-12-08,,Manutentore,1545,282
389,2017-12-09,,Programmatore,1634,53
390,2017-12-11,,Avvocato,1925,289
391,2017-12-11,'2020-11-19',Programmatore,1584,157
392,2017-12-30,,Programmatore,1580,292
393,2017-12-30,,Manutentore,1481,296
394,2018-01-01,,Rappresentante,1853,67
395,2018-01-06,,Ingegnere ricercatore,1944,384
396,2018-01-12,,Analista,1650,409
397,2018-01-14,,Addetto ai macchinari,1319,361
399,2018-01-15,,Manager,1649,402
400,2018-02-03,,Manutentore,1486,112
401,2018-02-03,,Amministratore del personale,1612,82
402,2018-02-07,'2020-04-17',Analista,1589,203
403,2018-02-09,'2021-11-15',Segretario,1548,366
405,2018-02-11,,Gestore,1993,369
407,2018-02-11,'2020-09-30',Manutentore,1543,168
408,2018-02-19,'2020-08-05',Tecnico,1282,194
409,2018-02-19,,Addetto ai macchinari,1299,72
410,2018-02-26,'2020-02-12',Supervisore,1456,335
411,2018-02-26,'2020-09-21',Analista,1581,180
412,2018-02-28,'2021-08-18',Manutentore,1464,245
413,2018-02-28,'2020-08-12',Consulente avvocato,1774,196
414,2018-03-06,,Addetto ai macchinari,1349,367
415,2018-03-08,'2020-05-24',Autista,1486,174
416,2018-03-17,'2021-12-15',Addetto ai macchinari,1338,264
417,2018-03-19,,Ricercatore,1517,357
419,2018-03-19,'2021-12-13',Operaio,1186,400
420,2018-03-19,,Specialista,1594,99
421,2018-03-22,'2021-03-10',Supervisore,1453,397
422,2018-03-22,,Addetto ai macchinari,1306,401
423,2018-03-27,'2021-09-19',Autista,1524,243
424,2018-03-31,,Programmatore,1650,375
425,2018-04-09,'2021-09-12',Manutentore,1522,346
426,2018-04-12,'2021-05-02',Amministratore,1709,358
427,2018-04-13,'2021-04-20',Segretario,1469,395
429,2018-04-17,'2021-08-29',Ragioniere,1497,393
430,2018-04-21,'2020-06-19',Operaio,1202,380
431,2018-04-21,,Manutentore,1454,91
432,2018-04-24,,Ingegnere,1895,381
433,2018-04-25,,Autista,1490,339
435,2018-04-25,,Programmatore,1571,360
437,2018-05-02,'2020-11-11',Operaio,1188,336
438,2018-05-07,'2020-11-08',Consulente,1413,389
439,2018-05-08,'2021-01-15',Programmatore,1615,267
440,2018-05-10,,Supervisore,1535,111
441,2018-05-11,'2020-06-11',Manutentore,1527,190
442,2018-05-14,,Programmatore,1600,342
443,2018-05-16,'2021-08-21',Manutentore,1546,241
444,2018-05-16,'2020-09-10',Autista,1450,213
445,2018-05-18,'2021-11-19',Manutentore,1543,246
446,2018-05-19,'2021-07-17',Programmatore,1564,234
447,2018-05-25,'2021-12-05',Tecnico,1265,220
448,2018-05-25,,Supervisore,1507,124
450,2018-05-26,'2020-12-04',Ragioniere,1500,371
452,2018-05-26,'2021-11-17',Addetto ai macchinari,1337,392
453,2018-05-26,'2021-09-11',Addetto ai macchinari,1309,217
454,2018-05-28,'2020-01-15',Programmatore,1583,175
455,2018-05-29,'2021-03-17',Manutentore,1488,269
456,2018-05-31,,Programmatore,1610,343
457,2018-06-12,'2020-08-17',Autista,1488,212
458,2018-06-13,,Commercialista,1833,407
459,2018-06-14,'2021-10-10',Addetto ai macchinari,1344,236
460,2018-06-16,,Supervisore,1526,353
461,2018-06-17,'2020-10-01',Manutentore,1497,390
462,2018-06-27,'2020-11-30',Operaio,1167,363
463,2018-07-01,,Autista,1470,359
464,2018-07-03,,Operaio,1193,373
465,2018-07-04,,Programmatore,1601,382
466,2018-07-12,'2020-07-06',Supervisore,1453,183
467,2018-07-16,'2021-11-02',Addetto ai macchinari,1287,408
468,2018-07-18,,Programmatore,1602,354
469,2018-07-20,,Tecnico,1333,83
470,2018-07-24,'2020-07-03',Manager,1568,344
471,2018-07-31,,Addetto ai macchinari,1312,340
472,2018-07-31,,Analista,1553,107
473,2018-08-04,,Programmatore,1586,374
474,2018-08-08,'2021-04-20',Analista,1649,219
475,2018-08-09,'2021-02-05',Amministratore,1689,255
476,2018-08-11,,Supervisore,1543,350
477,2018-08-15,'2020-05-17',Manutentore,1497,193
478,2018-08-18,,Amministratore,1663,93
479,2018-08-19,,Specialista,1554,372
480,2018-08-22,,Ingegnere,1930,348
481,2018-08-25,,Autista,1528,391
482,2018-08-29,,Autista,1508,386
483,2018-08-30,,Ingegnere,1864,351
484,2018-09-08,'2021-11-09',Manutentore,1515,337
485,2018-09-11,'2021-12-24',Addetto ai macchinari,1334,356
486,2018-09-17,'2021-11-04',Manutentore,1532,254
487,2018-09-29,,Programmatore,1581,385
488,2018-10-04,'2021-08-17',Autista,1477,216
489,2018-10-06,,Addetto ai macchinari,1281,370
490,2018-10-06,,Commercialista,1853,77
491,2018-10-07,'2021-04-02',Magazziniere,1321,404
492,2018-10-08,'2021-11-15',Analista,1612,355
493,2018-10-09,,Autista,1497,362
494,2018-10-16,'2021-09-22',Tecnico,1313,398
495,2018-10-16,,Ingegnere,1861,85
496,2018-10-17,'2021-01-03',Consulente,1381,364
497,2018-10-19,,Programmatore,1588,405
498,2018-10-20,'2021-07-18',Analista,1645,394
499,2018-10-28,'2021-09-08',Magazziniere,1253,352
500,2018-10-29,'2020-06-08',Ragioniere,1488,406
501,2018-11-03,'2020-12-23',Addetto ai macchinari,1253,378
502,2018-11-10,'2021-05-13',Operaio,1200,387
503,2018-11-12,'2020-11-11',Manutentore,1492,187
504,2018-11-18,,Direttore,2429,376
505,2018-11-21,'2021-06-15',Operaio,1202,388
506,2018-11-24,'2020-07-19',Manutentore,1481,192
507,2018-11-26,,Autista,1464,396
508,2018-11-29,'2020-07-13',Addetto ai macchinari,1343,349
509,2018-11-30,,Programmatore,1597,118
510,2018-12-03,,Ricercatore,1523,379
511,2018-12-04,,Ingegnere,1924,103
513,2018-12-08,,Supervisore,1546,377
514,2018-12-08,,Direttore logistica,1830,94
516,2018-12-10,'2021-11-21',Magazziniere,1327,347
517,2018-12-12,,Operaio,1151,341
518,2018-12-14,'2020-06-17',Autista,1489,185
519,2018-12-21,'2021-06-01',Addetto ai macchinari,1332,368
520,2018-12-23,'2021-09-24',Tecnico,1294,225
521,2018-12-24,,Ragioniere,1483,84
522,2018-12-30,'2021-07-27',Addetto ai macchinari,1297,338
523,2019-01-02,,Autista,1523,438
524,2019-01-07,,Addetto ai macchinari,1322,443
525,2019-01-08,'2021-11-26',Magazziniere,1338,439
526,2019-01-08,,Programmatore,1576,63
527,2019-01-09,,Autista,1463,419
528,2019-01-09,,Autista,1515,481
529,2019-01-10,'2021-11-17',Magazziniere,1266,489
530,2019-01-11,,Analista,1581,458
531,2019-01-11,,Direttore logistica,1842,205
532,2019-01-14,,Consulente avvocato,1793,149
533,2019-01-17,'2020-10-11',Addetto ai macchinari,1284,479
534,2019-01-19,'2021-10-01',Manutentore,1454,497
535,2019-01-20,,Operaio,1221,415
536,2019-01-21,'2021-06-19',Magazziniere,1327,440
537,2019-01-28,,Ingegnere,1876,424
538,2019-01-31,,Autista,1460,446
539,2019-02-01,,Manutentore,1541,448
540,2019-02-01,,Direttore logistica,1835,32
541,2019-02-05,,Operaio,1158,456
542,2019-02-08,,Rappresentante,1912,130
543,2019-02-09,,Manutentore,1483,493
545,2019-02-15,,Autista,1462,436
546,2019-02-16,,Addetto ai macchinari,1313,413
547,2019-02-21,'2021-04-16',Mediatore,1616,445
548,2019-02-27,,Avvocato,1880,172
549,2019-02-28,'2021-12-23',Autista,1480,485
550,2019-02-28,'2021-03-19',Addetto ai macchinari,1256,307
551,2019-03-04,,Supervisore,1504,214
552,2019-03-05,'2021-01-31',Manutentore,1453,480
553,2019-03-09,'2021-05-04',Tecnico,1306,325
554,2019-03-14,,Direttore logistica,1777,74
555,2019-03-15,,Specialista,1638,64
556,2019-03-17,,Segretario,1521,418
557,2019-03-18,'2021-10-13',Manutentore,1526,474
558,2019-03-18,,Consulente avvocato,1737,155
559,2019-03-21,,Manutentore,1512,209
560,2019-03-22,,Programmatore,1579,444
561,2019-03-25,,Direttore logistica,1770,206
562,2019-03-29,,Operaio,1249,422
564,2019-04-03,,Addetto ai macchinari,1263,460
565,2019-04-05,,Autista,1500,466
566,2019-04-10,,Operaio,1219,420
567,2019-04-10,'2021-12-29',Operaio,1229,434
568,2019-04-15,,Addetto ai macchinari,1325,496
570,2019-04-17,'2021-06-12',Amministratore,1658,494
571,2019-04-18,,Ingegnere,1855,465
572,2019-04-19,'2021-04-20',Ricercatore,1486,483
573,2019-04-21,,Programmatore,1634,81
574,2019-04-22,'2021-11-07',Manager,1614,441
575,2019-04-23,,Programmatore,1631,156
576,2019-04-24,,Programmatore,1578,46
577,2019-04-25,'2021-01-31',Analista,1639,279
578,2019-04-27,,Supervisore,1558,188
579,2019-04-28,,Ingegnere,1894,69
581,2019-05-02,,Ingegnere ricercatore,1919,411
582,2019-05-04,,Avvocato,1934,164
583,2019-05-05,,Manutentore,1522,429
584,2019-05-06,'2021-05-13',Analista,1571,431
585,2019-05-08,'2021-02-25',Tecnico,1276,453
586,2019-05-09,,Ragioniere,1520,410
587,2019-05-11,'2021-08-25',Manager,1560,488
588,2019-05-16,,Supervisore,1579,191
589,2019-05-25,'2021-08-11',Supervisore,1512,287
590,2019-05-28,'2021-02-13',Addetto ai macchinari,1320,435
591,2019-06-07,,Direttore,2421,486
592,2019-06-09,,Autista,1522,455
593,2019-06-11,,Analista,1610,128
595,2019-06-14,,Gestore,2046,189
596,2019-06-14,,Manutentore,1542,211
597,2019-06-15,'2021-12-16',Operaio,1208,478
598,2019-06-16,'2021-07-19',Analista,1550,468
599,2019-06-16,,Programmatore,1630,89
600,2019-06-17,'2020-01-15',Operaio,1185,437
602,2019-06-22,'2021-07-13',Addetto ai macchinari,1294,426
603,2019-06-24,'2020-10-28',Operaio,1164,427
604,2019-06-24,,Ingegnere ricercatore,1873,78
605,2019-06-26,,Direttore logistica,1837,178
606,2019-06-28,,Programmatore,1580,181
607,2019-07-04,'2021-10-26',Operaio,1181,421
608,2019-07-06,'2021-11-24',Supervisore,1508,417
609,2019-07-08,,Autista,1494,170
610,2019-07-11,,Programmatore,1630,482
611,2019-07-18,'2021-05-12',Tecnico,1340,284
612,2019-07-20,,Programmatore,1600,412
614,2019-07-20,,Ingegnere,1877,484
615,2019-07-28,'2021-09-16',Consulente,1374,473
616,2019-08-01,'2021-09-15',Addetto ai macchinari,1316,471
617,2019-08-06,'2021-04-05',Autista,1535,293
618,2019-08-10,'2021-06-21',Tecnico,1309,331
619,2019-08-14,,Ingegnere ricercatore,1896,430
621,2019-08-14,,Manutentore,1508,463
623,2019-08-17,,Manutentore,1487,449
624,2019-08-18,'2021-03-27',Addetto ai macchinari,1275,470
625,2019-08-18,'2021-08-03',Autista,1525,291
626,2019-08-23,,Ingegnere,1936,204
627,2019-08-26,'2020-11-11',Tecnico,1267,454
628,2019-09-01,'2021-06-10',Manutentore,1550,464
629,2019-09-03,,Ingegnere,1889,25
630,2019-09-06,'2021-05-21',Programmatore,1584,299
631,2019-09-06,'2021-09-23',Amministratore,1697,320
632,2019-09-12,,Programmatore,1604,182
633,2019-09-22,,Magazziniere,1313,432
634,2019-09-22,,Manutentore,1469,462
635,2019-09-22,,Direttore logistica,1776,139
636,2019-09-25,,Manutentore,1545,495
637,2019-09-28,,Ingegnere,1866,184
638,2019-10-02,'2021-09-29',Manutentore,1497,416
639,2019-10-02,,Programmatore,1623,476
640,2019-10-03,'2020-01-10',Addetto ai macchinari,1331,414
641,2019-10-05,,Tecnico,1287,487
642,2019-10-07,,Programmatore,1627,37
643,2019-10-08,'2021-04-05',Addetto ai macchinari,1321,312
644,2019-10-09,,Programmatore,1602,461
645,2019-10-14,,Direttore,2361,195
646,2019-10-18,,Rappresentante,1943,151
647,2019-10-19,'2020-08-10',Operaio,1239,457
648,2019-10-20,,Amministratore,1685,208
649,2019-10-22,,Ingegnere ricercatore,1889,79
650,2019-10-24,'2021-03-25',Programmatore,1586,283
651,2019-10-27,,Addetto ai macchinari,1298,447
652,2019-10-29,'2020-09-10',Operaio,1249,433
653,2019-11-02,'2021-06-26',Manutentore,1465,498
654,2019-11-07,,Ingegnere,1886,201
655,2019-11-09,,Programmatore,1621,425
656,2019-11-09,,Programmatore,1599,66
657,2019-11-17,,Manutentore,1528,490
658,2019-11-18,,Commercialista,1896,428
659,2019-11-18,,Programmatore,1603,491
660,2019-11-21,,Addetto ai macchinari,1323,467
661,2019-11-22,,Direttore logistica,1794,492
662,2019-11-25,'2020-04-28',Operaio,1167,423
663,2019-12-07,,Specialista,1595,451
664,2019-12-12,,Manutentore,1471,55
665,2020-01-02,'2022-02-18',Manutentore,1512,512
666,2020-01-02,,Analista,1605,567
667,2020-01-02,,Programmatore,1636,295
668,2020-01-09,,Ingegnere,1885,232
669,2020-01-10,'2022-08-24',Manutentore,1507,414
670,2020-01-13,'2022-06-05',Organizzatore,1744,517
671,2020-01-14,'2021-04-26',Addetto ai macchinari,1281,555
673,2020-01-15,,Ingegnere,1949,175
675,2020-01-15,'2022-01-29',Addetto ai macchinari,1349,437
676,2020-01-20,,Supervisore,1536,521
677,2020-01-24,,Programmatore,1602,548
678,2020-01-27,'2022-10-25',Addetto ai macchinari,1318,541
679,2020-01-30,'2022-03-14',Ragioniere,1465,543
680,2020-02-02,,Direttore logistica,1757,515
681,2020-02-02,'2021-08-26',Mediatore,1559,566
682,2020-02-04,,Manutentore,1475,581
683,2020-02-04,,Rappresentante,1854,260
684,2020-02-08,,Programmatore,1564,546
685,2020-02-11,,Direttore,2356,109
686,2020-02-12,'2021-12-19',Manager,1644,335
687,2020-02-14,,Direttore logistica,1848,249
688,2020-02-14,,Programmatore,1551,98
689,2020-02-16,,Amministratore del personale,1554,502
690,2020-02-16,,Programmatore,1574,308
691,2020-02-20,,Autista,1519,586
692,2020-02-21,,Analista,1645,302
693,2020-02-22,,Programmatore,1599,281
694,2020-02-22,,Programmatore,1557,138
695,2020-02-25,'2022-08-08',Supervisore,1571,558
696,2020-02-25,,Amministratore del personale,1633,298
697,2020-02-26,,Manutentore,1451,252
698,2020-02-28,,Addetto ai macchinari,1350,511
699,2020-02-28,,Direttore logistica,1834,106
700,2020-03-02,,Specialista,1636,143
701,2020-03-05,,Ingegnere,1875,253
702,2020-03-08,,Manutentore,1517,554
703,2020-03-13,,Ingegnere,1861,544
704,2020-03-13,,Tecnico,1285,303
705,2020-03-16,,Programmatore,1574,314
706,2020-03-28,,Autista,1459,333
707,2020-03-29,,Gestore,2026,160
708,2020-03-31,,Manager,1555,557
709,2020-04-03,,Programmatore,1560,125
710,2020-04-06,'2021-04-02',Magazziniere,1350,578
711,2020-04-08,,Direttore logistica,1822,272
712,2020-04-11,,Programmatore,1619,584
713,2020-04-17,,Commercialista,1867,203
715,2020-04-18,'2022-01-14',Operaio,1156,530
716,2020-04-18,,Operaio,1229,535
717,2020-04-18,,Specialista,1562,165
718,2020-04-22,'2022-02-14',Manager,1561,583
719,2020-04-23,,Manutentore,1502,275
720,2020-04-24,'2021-04-02',Manager,1634,575
721,2020-04-25,,Ingegnere,1899,290
722,2020-04-28,'2022-04-13',Addetto ai macchinari,1254,423
723,2020-05-01,,Ingegnere,1932,266
724,2020-05-02,'2021-08-20',Operaio,1154,519
726,2020-05-03,,Analista,1634,524
727,2020-05-04,'2022-11-12',Autista,1504,591
728,2020-05-06,'2022-11-28',Addetto ai macchinari,1279,561
729,2020-05-06,,Ingegnere,1932,140
730,2020-05-11,,Manutentore,1517,539
731,2020-05-16,,Amministratore,1657,304
732,2020-05-17,,Amministratore del personale,1629,262
733,2020-05-17,,Programmatore,1562,193
734,2020-05-19,,Programmatore,1599,536
735,2020-05-20,,Manager,1569,537
736,2020-05-20,'2022-04-15',Consulente avvocato,1769,576
737,2020-05-21,,Ingegnere,1879,309
738,2020-05-23,,Commercialista,1862,129
739,2020-05-24,,Manager,1616,510
740,2020-05-24,,Manutentore,1493,240
741,2020-05-24,,Direttore logistica,1807,174
742,2020-05-26,,Programmatore,1614,228
743,2020-06-06,,Amministratore,1666,319
744,2020-06-07,,Manutentore,1484,142
745,2020-06-08,'2021-09-02',Analista,1556,406
746,2020-06-11,,Ingegnere,1883,163
747,2020-06-11,,Ingegnere,1925,190
748,2020-06-14,,Commercialista,1849,513
749,2020-06-14,,Programmatore,1608,560
750,2020-06-17,,Direttore logistica,1768,185
751,2020-06-18,,Manutentore,1533,574
752,2020-06-19,,Avvocato,1914,123
753,2020-06-19,'2021-07-18',Manutentore,1456,380
754,2020-06-20,,Autista,1454,582
755,2020-06-23,,Amministratore del personale,1636,288
756,2020-06-25,'2022-06-28',Magazziniere,1328,577
757,2020-07-02,'2022-04-01',Manutentore,1462,570
758,2020-07-03,'2021-09-14',Amministratore,1734,344
759,2020-07-06,'2022-08-17',Addetto ai macchinari,1327,522
760,2020-07-06,,Specialista,1590,183
761,2020-07-11,,Addetto ai macchinari,1342,559
762,2020-07-12,'2022-03-12',Addetto ai macchinari,1313,540
763,2020-07-13,'2021-02-20',Manutentore,1509,349
764,2020-07-14,,Operaio,1225,569
765,2020-07-17,,Rappresentante,1877,152
766,2020-07-19,,Consulente,1376,587
767,2020-07-19,,Programmatore,1607,192
768,2020-07-24,,Manutentore,1477,545
769,2020-07-25,'2022-06-01',Manager,1561,529
770,2020-07-25,,Manutentore,1532,585
771,2020-07-26,,Supervisore,1537,516
772,2020-07-27,,Commercialista,1857,158
773,2020-07-28,,Analista,1617,527
774,2020-07-30,'2022-12-25',Organizzatore,1742,589
775,2020-08-01,,Ingegnere,1860,265
776,2020-08-05,,Specialista,1586,194
777,2020-08-10,'2022-06-16',Addetto ai macchinari,1251,457
778,2020-08-11,,Supervisore,1522,542
779,2020-08-12,,Supervisore,1454,504
780,2020-08-12,,Avvocato,1945,196
781,2020-08-13,,Addetto ai macchinari,1253,553
782,2020-08-17,,Direttore logistica,1832,212
783,2020-08-18,,Autista,1546,305
784,2020-08-20,,Manager,1650,565
785,2020-08-25,'2022-06-22',Manutentore,1535,550
786,2020-08-26,,Specialista,1638,506
788,2020-08-26,'2022-05-30',Manutentore,1502,562
789,2020-08-28,,Consulente,1356,547
791,2020-09-01,,Programmatore,1559,525
792,2020-09-01,,Autista,1535,230
793,2020-09-06,,Rappresentante,1925,300
794,2020-09-07,,Ingegnere ricercatore,1910,500
795,2020-09-07,,Gestore,1963,571
797,2020-09-10,,Operaio,1153,588
798,2020-09-10,'2022-01-12',Addetto ai macchinari,1277,433
799,2020-09-10,,Direttore logistica,1831,213
800,2020-09-12,,Supervisore,1572,531
801,2020-09-13,'2022-01-03',Segretario,1453,501
802,2020-09-14,,Specialista,1573,273
803,2020-09-16,'2022-01-30',Manutentore,1536,564
804,2020-09-18,,Supervisore,1536,572
805,2020-09-19,,Addetto ai macchinari,1258,528
806,2020-09-21,'2022-11-06',Addetto ai macchinari,1296,549
807,2020-09-21,,Commercialista,1842,180
808,2020-09-24,'2021-10-03',Consulente,1394,514
809,2020-09-24,,Ingegnere ricercatore,1906,563
810,2020-09-30,,Ingegnere,1862,168
811,2020-10-01,'2021-02-15',Programmatore,1556,390
812,2020-10-01,,Programmatore,1559,166
813,2020-10-01,,Amministratore del personale,1606,133
814,2020-10-02,,Supervisore,1483,132
815,2020-10-06,,Analista,1564,334
817,2020-10-06,,Direttore logistica,1847,137
818,2020-10-08,,Programmatore,1617,538
819,2020-10-09,,Operaio,1214,505
820,2020-10-11,'2022-08-26',Manutentore,1487,479
821,2020-10-12,,Manutentore,1521,285
822,2020-10-15,,Direttore,2353,251
823,2020-10-16,,Programmatore,1580,97
824,2020-10-21,,Programmatore,1566,552
825,2020-10-28,'2022-06-05',Manutentore,1464,427
826,2020-11-02,'2022-10-23',Operaio,1190,579
827,2020-11-03,'2022-05-19',Addetto ai macchinari,1305,534
828,2020-11-05,,Ingegnere,1912,590
829,2020-11-06,,Organizzatore,1742,274
831,2020-11-08,'2021-12-14',Analista,1644,389
832,2020-11-09,,Manutentore,1517,499
833,2020-11-11,'2022-09-23',Supervisore,1460,454
834,2020-11-11,'2021-05-04',Tecnico,1315,336
835,2020-11-11,,Ingegnere,1869,187
836,2020-11-16,'2022-10-15',Operaio,1193,568
837,2020-11-16,,Amministratore del personale,1588,148
838,2020-11-19,,Ingegnere,1916,157
840,2020-11-20,,Direttore logistica,1757,226
841,2020-11-24,'2022-05-06',Magazziniere,1274,503
842,2020-11-26,,Manutentore,1472,316
843,2020-11-28,,Tecnico,1252,242
844,2020-11-28,,Avvocato,1941,159
845,2020-11-30,,Manutentore,1462,518
846,2020-11-30,,Operaio,1242,523
847,2020-11-30,,Magazziniere,1302,532
848,2020-11-30,'2022-05-19',Supervisore,1480,551
849,2020-11-30,'2021-04-18',Addetto ai macchinari,1292,363
850,2020-12-01,,Direttore logistica,1768,145
851,2020-12-03,,Ingegnere,1879,102
852,2020-12-04,,Organizzatore,1716,507
853,2020-12-04,'2022-12-07',Consulente avvocato,1782,509
855,2020-12-04,'2021-11-20',Analista,1553,371
856,2020-12-07,,Supervisore,1509,117
857,2020-12-08,,Ingegnere,1853,120
858,2020-12-09,'2022-11-30',Manutentore,1515,526
860,2020-12-14,,Addetto ai macchinari,1307,556
861,2020-12-15,'2022-09-24',Addetto ai macchinari,1329,533
863,2020-12-17,,Supervisore,1461,105
864,2020-12-19,,Programmatore,1568,114
865,2020-12-22,,Supervisore,1453,508
866,2020-12-23,'2021-02-14',Programmatore,1639,378
867,2020-12-25,,Programmatore,1586,580
868,2020-12-26,,Autista,1485,313
869,2020-12-28,,Rappresentante,1917,153
870,2021-01-03,,Commercialista,1869,364
871,2021-01-05,,Analista,1613,699
872,2021-01-10,,Supervisore,1458,613
873,2021-01-12,,Specialista,1574,645
874,2021-01-14,,Manutentore,1535,650
875,2021-01-15,,Ingegnere,1855,267
876,2021-01-21,'2022-11-26',Addetto ai macchinari,1330,640
877,2021-01-22,,Supervisore,1521,657
878,2021-01-27,'2022-03-20',Operaio,1225,671
879,2021-01-31,,Programmatore,1573,480
880,2021-01-31,,Ingegnere ricercatore,1928,279
881,2021-02-05,,Gestore,2045,255
882,2021-02-06,,Programmatore,1628,674
883,2021-02-06,'2022-12-10',Supervisore,1529,684
884,2021-02-06,,Operaio,1217,695
885,2021-02-08,,Autista,1519,622
886,2021-02-09,'2022-06-01',Operaio,1223,680
887,2021-02-10,,Addetto ai macchinari,1254,700
888,2021-02-12,'2022-03-29',Programmatore,1585,599
890,2021-02-13,,Ingegnere,1853,435
891,2021-02-14,,Ingegnere,1889,378
892,2021-02-15,,Ingegnere,1865,390
893,2021-02-18,,Programmatore,1597,685
894,2021-02-20,,Operaio,1215,701
895,2021-02-20,,Programmatore,1568,349
896,2021-02-25,,Supervisore,1514,453
897,2021-02-28,,Programmatore,1629,598
898,2021-02-28,,Addetto ai macchinari,1250,611
899,2021-03-10,,Specialista,1588,397
900,2021-03-11,,Ingegnere,1905,604
901,2021-03-16,,Supervisore,1530,625
902,2021-03-17,,Analista,1577,648
904,2021-03-17,,Programmatore,1574,269
906,2021-03-19,'2022-10-10',Supervisore,1483,687
907,2021-03-19,,Manutentore,1550,307
908,2021-03-20,,Manutentore,1534,607
909,2021-03-20,,Tecnico,1264,632
910,2021-03-25,,Ingegnere,1886,283
911,2021-03-27,,Ingegnere,1861,470
912,2021-03-29,'2022-04-28',Programmatore,1577,595
913,2021-03-31,,Consulente,1421,646
914,2021-04-02,'2022-12-22',Amministratore,1719,575
915,2021-04-02,,Autista,1542,404
916,2021-04-02,'2022-03-29',Autista,1526,578
917,2021-04-05,,Direttore logistica,1810,293
918,2021-04-05,,Manutentore,1453,312
919,2021-04-06,,Manutentore,1510,659
920,2021-04-07,'2022-04-03',Operaio,1203,602
921,2021-04-08,,Programmatore,1613,698
922,2021-04-10,'2022-04-01',Operaio,1216,617
923,2021-04-16,,Analista,1564,693
924,2021-04-16,,Rappresentante,1912,445
925,2021-04-18,,Programmatore,1609,363
926,2021-04-20,,Analista,1596,483
927,2021-04-20,,Supervisore,1569,395
928,2021-04-20,,Ingegnere ricercatore,1898,219
929,2021-04-22,,Operaio,1212,620
930,2021-04-22,,Manutentore,1482,638
931,2021-04-22,'2022-04-20',Amministratore,1696,643
932,2021-04-25,,Analista,1585,606
933,2021-04-26,'2022-07-04',Manutentore,1529,555
934,2021-04-29,'2022-02-18',Tecnico,1296,615
935,2021-04-30,,Ragioniere,1489,652
936,2021-04-30,,Autista,1549,690
937,2021-05-01,,Tecnico,1267,655
938,2021-05-02,,Gestore,2021,358
939,2021-05-04,,Supervisore,1471,336
940,2021-05-04,,Specialista,1603,325
941,2021-05-07,,Programmatore,1562,692
942,2021-05-11,,Specialista,1613,677
943,2021-05-12,,Supervisore,1451,284
944,2021-05-13,,Ingegnere ricercatore,1900,431
945,2021-05-13,,Supervisore,1513,387
946,2021-05-17,'2022-05-02',Manutentore,1515,682
947,2021-05-19,,Supervisore,1462,660
948,2021-05-21,,Ingegnere,1907,299
949,2021-05-25,,Ingegnere,1859,593
950,2021-05-27,,Analista,1648,619
951,2021-06-01,,Addetto ai macchinari,1269,694
952,2021-06-01,,Programmatore,1571,368
953,2021-06-02,,Segretario,1457,608
954,2021-06-04,'2022-02-24',Supervisore,1501,627
955,2021-06-05,'2022-07-02',Operaio,1244,672
956,2021-06-08,'2022-06-30',Magazziniere,1289,649
957,2021-06-10,,Programmatore,1613,464
958,2021-06-12,,Gestore,1987,494
959,2021-06-14,,Gestore,1988,651
960,2021-06-15,,Autista,1467,623
961,2021-06-15,'2022-07-12',Ragioniere,1547,691
962,2021-06-15,,Addetto ai macchinari,1271,388
963,2021-06-19,,Autista,1512,440
964,2021-06-20,,Manutentore,1540,679
965,2021-06-21,,Supervisore,1489,331
967,2021-06-26,,Programmatore,1623,498
968,2021-07-03,,Ingegnere,1914,626
969,2021-07-13,,Manutentore,1494,426
970,2021-07-17,,Ingegnere,1921,234
971,2021-07-18,,Commercialista,1842,394
972,2021-07-18,,Programmatore,1637,380
973,2021-07-19,,Ingegnere ricercatore,1942,468
974,2021-07-22,,Programmatore,1642,614
975,2021-07-23,,Ragioniere,1541,673
976,2021-07-26,,Commercialista,1897,658
977,2021-07-27,,Ricercatore,1543,610
978,2021-07-27,,Manutentore,1477,338
979,2021-07-29,'2022-11-23',Magazziniere,1340,661
980,2021-08-01,,Autista,1531,697
981,2021-08-02,'2022-01-11',Manutentore,1488,654
982,2021-08-03,,Direttore logistica,1809,291
984,2021-08-05,'2022-06-30',Magazziniere,1323,596
985,2021-08-07,'2022-09-20',Magazziniere,1294,644
986,2021-08-09,,Manutentore,1466,609
987,2021-08-11,,Specialista,1557,287
988,2021-08-17,,Direttore logistica,1771,216
989,2021-08-18,,Programmatore,1619,245
990,2021-08-20,'2022-03-03',Addetto ai macchinari,1271,519
991,2021-08-21,,Programmatore,1559,241
992,2021-08-22,,Programmatore,1619,686
993,2021-08-23,'2022-11-01',Ricercatore,1467,633
995,2021-08-24,,Commercialista,1870,624
996,2021-08-25,,Addetto ai macchinari,1323,662
997,2021-08-25,,Amministratore,1710,488
998,2021-08-26,'2022-12-20',Organizzatore,1702,566
999,2021-08-27,,Operaio,1250,616
1000,2021-08-28,,Commercialista,1887,689
1001,2021-08-29,,Analista,1598,393
1003,2021-09-02,,Commercialista,1815,406
1004,2021-09-08,,Autista,1460,352
1005,2021-09-09,,Amministratore,1651,636
1006,2021-09-11,,Manutentore,1488,217
1007,2021-09-12,,Avvocato,1878,634
1008,2021-09-12,,Programmatore,1580,346
1009,2021-09-14,,Gestore,2031,344
1010,2021-09-15,,Manutentore,1513,471
1011,2021-09-16,,Direttore logistica,1836,600
1012,2021-09-16,,Analista,1638,473
1013,2021-09-19,,Direttore logistica,1824,243
1014,2021-09-22,,Specialista,1574,398
1015,2021-09-23,,Gestore,1998,320
1016,2021-09-24,,Supervisore,1468,225
1017,2021-09-27,,Manutentore,1467,618
1018,2021-09-29,,Programmatore,1613,416
1019,2021-09-30,,Manager,1581,683
1020,2021-10-01,,Ingegnere,1932,497
1021,2021-10-03,,Manutentore,1528,676
1022,2021-10-03,'2022-12-24',Ragioniere,1504,514
1023,2021-10-07,,Direttore,2426,642
1024,2021-10-09,'2022-05-14',Operaio,1156,635
1025,2021-10-10,,Programmatore,1646,594
1026,2021-10-10,,Manutentore,1498,236
1027,2021-10-13,,Rappresentante,1915,667
1028,2021-10-13,,Programmatore,1630,474
1029,2021-10-18,'2022-05-09',Manager,1619,664
1030,2021-10-18,,Supervisore,1543,665
1031,2021-10-25,,Analista,1631,675
1032,2021-10-26,,Programmatore,1627,421
1033,2021-10-29,'2022-10-21',Manager,1618,637
1034,2021-11-01,,Amministratore del personale,1608,603
1035,2021-11-02,,Ingegnere,1931,408
1036,2021-11-04,,Ingegnere,1921,254
1037,2021-11-06,'2022-08-27',Manutentore,1507,592
1038,2021-11-07,,Direttore,2359,441
1039,2021-11-08,'2022-07-23',Consulente,1392,681
1040,2021-11-09,,Ingegnere,1888,337
1041,2021-11-15,,Ingegnere ricercatore,1934,355
1042,2021-11-15,,Consulente avvocato,1708,366
1043,2021-11-16,,Supervisore,1509,656
1044,2021-11-17,'2022-07-10',Tecnico,1343,641
1045,2021-11-17,,Autista,1521,663
1046,2021-11-17,,Autista,1478,489
1047,2021-11-17,,Manutentore,1473,392
1048,2021-11-19,,Addetto ai macchinari,1280,597
1049,2021-11-19,,Programmatore,1564,246
1050,2021-11-20,,Commercialista,1840,371
1051,2021-11-21,,Autista,1486,347
1052,2021-11-24,,Specialista,1599,417
1053,2021-11-26,,Autista,1460,439
1054,2021-12-02,,Supervisore,1547,678
1055,2021-12-05,,Operaio,1156,669
1056,2021-12-05,,Supervisore,1470,220
1057,2021-12-09,,Consulente,1376,629
1058,2021-12-13,,Programmatore,1627,400
1059,2021-12-14,,Commercialista,1808,389
1060,2021-12-15,,Programmatore,1645,264
1061,2021-12-16,,Addetto ai macchinari,1311,478
1063,2021-12-19,,Supervisore,1579,621
1064,2021-12-19,,Amministratore,1659,335
1065,2021-12-21,,Manutentore,1488,696
1066,2021-12-22,'2022-01-15',Magazziniere,1267,601
1067,2021-12-22,'2022-07-17',Magazziniere,1291,688
1068,2021-12-23,,Direttore logistica,1801,485
1069,2021-12-24,,Ingegnere,1899,356
1071,2021-12-26,'2022-07-31',Addetto ai macchinari,1321,647
1072,2021-12-27,,Manutentore,1541,630
1074,2021-12-29,,Manutentore,1468,434
1075,2021-12-30,,Manutentore,1521,628
1076,2022-01-02,,Ingegnere,1902,726
1077,2022-01-02,,Analista,1552,799
1078,2022-01-03,,Amministratore del personale,1579,501
1079,2022-01-06,,Avvocato,1873,740
1080,2022-01-08,,Addetto ai macchinari,1267,711
1081,2022-01-08,,Programmatore,1550,744
1082,2022-01-11,,Programmatore,1560,654
1083,2022-01-12,,Manutentore,1466,433
1084,2022-01-14,,Supervisore,1509,530
1085,2022-01-15,'2022-08-23',Autista,1516,601
1086,2022-01-16,'2023-04-01',Manutentore,1524,716
1087,2022-01-22,,Avvocato,1940,709
1088,2022-01-28,,Operaio,1208,733
1089,2022-01-29,,Programmatore,1647,437
1090,2022-01-30,,Programmatore,1578,564
1091,2022-02-02,,Mediatore,1624,803
1092,2022-02-05,,Programmatore,1575,728
1093,2022-02-08,,Magazziniere,1284,712
1094,2022-02-14,,Amministratore,1733,788
1095,2022-02-14,,Amministratore,1661,583
1096,2022-02-15,,Supervisore,1502,715
1097,2022-02-15,,Manutentore,1484,769
1098,2022-02-18,,Ingegnere,1901,512
1099,2022-02-18,,Supervisore,1472,615
1100,2022-02-23,,Supervisore,1598,762
1101,2022-02-24,,Operaio,1238,782
1102,2022-02-24,,Supervisore,1532,801
1103,2022-02-24,'2022-07-09',Amministratore,1738,627
1104,2022-03-03,,Manutentore,1545,519
1105,2022-03-05,,Consulente avvocato,1725,787
1106,2022-03-10,,Supervisore,1479,773
1107,2022-03-11,,Programmatore,1552,800
1108,2022-03-12,,Ingegnere,1878,540
1109,2022-03-14,,Operaio,1183,734
1110,2022-03-14,,Analista,1632,543
1111,2022-03-17,,Supervisore,1520,809
1112,2022-03-20,,Supervisore,1481,671
1113,2022-03-28,,Operaio,1150,777
1114,2022-03-29,,Direttore logistica,1816,578
1115,2022-03-29,,Ingegnere,1869,599
1116,2022-03-30,,Programmatore,1607,742
1117,2022-04-01,,Programmatore,1625,570
1118,2022-04-01,,Programmatore,1637,617
1119,2022-04-03,,Supervisore,1481,602
1120,2022-04-04,,Programmatore,1596,794
1121,2022-04-11,,Addetto ai macchinari,1273,797
1122,2022-04-13,,Ingegnere,1856,423
1124,2022-04-14,,Amministratore del personale,1595,798
1125,2022-04-15,,Programmatore,1573,765
1126,2022-04-15,,Avvocato,1853,576
1127,2022-04-20,,Gestore,1998,643
1128,2022-04-21,,Operaio,1184,779
1129,2022-04-28,,Ingegnere,1916,595
1130,2022-05-02,,Ingegnere,1924,682
1131,2022-05-03,'2022-09-25',Supervisore,1518,710
1132,2022-05-06,,Autista,1534,503
1133,2022-05-07,'2023-01-22',Manutentore,1465,705
1134,2022-05-07,,Programmatore,1645,717
1135,2022-05-07,,Tecnico,1274,783
1136,2022-05-09,,Direttore,2382,664
1137,2022-05-13,,Programmatore,1626,770
1138,2022-05-14,,Addetto ai macchinari,1283,635
1139,2022-05-17,,Analista,1566,812
1140,2022-05-19,,Direttore,2366,551
1141,2022-05-19,,Programmatore,1600,534
1142,2022-05-21,,Autista,1492,723
1143,2022-05-24,,Direttore logistica,1848,816
1144,2022-05-25,,Manutentore,1477,718
1145,2022-05-28,,Consulente avvocato,1716,759
1146,2022-05-29,,Ricercatore,1464,807
1147,2022-05-30,,Programmatore,1635,562
1148,2022-05-31,,Commercialista,1882,737
1149,2022-06-01,'2022-08-31',Addetto ai macchinari,1260,680
1150,2022-06-01,,Gestore,1995,529
1151,2022-06-03,,Ricercatore,1536,753
1152,2022-06-05,,Rappresentante,1873,517
1153,2022-06-05,,Ingegnere,1896,427
1154,2022-06-09,,Manutentore,1515,758
1155,2022-06-16,,Commercialista,1873,713
1156,2022-06-16,'2023-02-19',Operaio,1185,724
1157,2022-06-16,,Programmatore,1642,457
1158,2022-06-20,,Tecnico,1256,725
1159,2022-06-22,,Programmatore,1581,550
1160,2022-06-25,,Addetto ai macchinari,1314,763
1161,2022-06-28,,Direttore logistica,1842,577
1162,2022-06-29,,Avvocato,1879,706
1163,2022-06-29,,Operaio,1243,784
1164,2022-06-30,,Autista,1503,596
1165,2022-06-30,,Autista,1458,649
1166,2022-07-02,,Ingegnere,1935,672
1167,2022-07-03,'2023-02-23',Manutentore,1524,714
1168,2022-07-04,,Analista,1590,702
1169,2022-07-04,,Programmatore,1588,555
1170,2022-07-07,,Direttore,2386,703
1171,2022-07-09,,Gestore,2042,627
1172,2022-07-10,,Supervisore,1523,641
1173,2022-07-12,,Consulente avvocato,1756,814
1174,2022-07-12,,Analista,1621,691
1175,2022-07-16,,Tecnico,1294,708
1176,2022-07-17,'2022-09-15',Autista,1480,688
1177,2022-07-18,,Mediatore,1579,704
1178,2022-07-19,,Manutentore,1547,790
1179,2022-07-22,,Addetto ai macchinari,1269,747
1180,2022-07-23,'2022-08-04',Ragioniere,1468,681
1181,2022-07-24,,Tecnico,1298,721
1182,2022-07-25,,Tecnico,1267,746
1183,2022-07-26,,Amministratore del personale,1598,796
1184,2022-07-29,,Autista,1474,739
1185,2022-07-29,,Ragioniere,1472,750
1186,2022-07-31,,Autista,1487,755
1187,2022-07-31,,Ingegnere,1897,647
1188,2022-08-04,,Analista,1603,681
1189,2022-08-08,,Amministratore del personale,1630,558
1190,2022-08-09,,Programmatore,1559,771
1191,2022-08-12,,Operaio,1175,813
1192,2022-08-17,,Manutentore,1549,522
1193,2022-08-22,,Autista,1452,764
1194,2022-08-23,,Direttore logistica,1824,601
1195,2022-08-24,,Programmatore,1630,414
1196,2022-08-26,,Programmatore,1640,775
1197,2022-08-26,,Programmatore,1572,479
1198,2022-08-27,,Manager,1625,768
1199,2022-08-27,,Programmatore,1581,592
1200,2022-08-28,,Addetto ai macchinari,1279,729
1201,2022-08-31,,Consulente avvocato,1792,785
1202,2022-08-31,,Manutentore,1491,680
1203,2022-09-01,,Segretario,1529,736
1204,2022-09-06,,Manutentore,1461,772
1205,2022-09-09,,Mediatore,1638,761
1206,2022-09-11,,Manutentore,1525,815
1207,2022-09-15,,Direttore logistica,1764,688
1208,2022-09-20,,Autista,1488,644
1209,2022-09-23,,Tecnico,1307,756
1210,2022-09-23,,Specialista,1613,454
1211,2022-09-24,,Programmatore,1638,786
1212,2022-09-24,,Manutentore,1543,533
1213,2022-09-25,,Organizzatore,1726,732
1214,2022-09-25,'2023-03-12',Manager,1606,710
1215,2022-09-26,,Organizzatore,1742,774
1216,2022-09-30,,Programmatore,1593,805
1218,2022-10-05,,Autista,1513,776
1219,2022-10-06,'2023-04-02',Autista,1513,707
1220,2022-10-07,,Amministratore,1664,748
1221,2022-10-09,,Amministratore,1738,780
1222,2022-10-10,,Specialista,1599,687
1223,2022-10-11,,Manutentore,1527,743
1224,2022-10-15,,Addetto ai macchinari,1323,568
1225,2022-10-16,,Tecnico,1310,752
1226,2022-10-17,'2023-02-11',Addetto ai macchinari,1285,735
1227,2022-10-21,'2022-11-27',Amministratore,1715,637
1228,2022-10-22,'2022-12-22',Operaio,1161,720
1229,2022-10-23,,Direttore logistica,1779,795
1231,2022-10-23,,Programmatore,1559,579
1232,2022-10-25,,Ingegnere,1879,541
1233,2022-11-01,,Analista,1594,633
1234,2022-11-06,,Ingegnere,1887,731
1235,2022-11-06,,Programmatore,1646,549
1236,2022-11-08,,Autista,1533,789
1237,2022-11-08,,Manutentore,1496,810
1238,2022-11-11,,Analista,1604,811
1239,2022-11-12,,Programmatore,1611,741
1240,2022-11-12,,Manutentore,1468,793
1241,2022-11-12,,Direttore logistica,1847,591
1242,2022-11-15,'2023-03-23',Analista,1645,719
1243,2022-11-17,,Addetto ai macchinari,1316,791
1244,2022-11-23,,Autista,1549,661
1245,2022-11-25,,Direttore logistica,1786,778
1246,2022-11-26,,Manutentore,1453,640
1247,2022-11-27,,Ingegnere,1914,749
1248,2022-11-27,,Specialista,1599,806
1249,2022-11-27,,Direttore,2429,637
1250,2022-11-28,,Manutentore,1520,561
1251,2022-11-30,,Manutentore,1490,722
1252,2022-11-30,,Programmatore,1583,767
1253,2022-11-30,,Programmatore,1635,526
1254,2022-12-01,,Magazziniere,1286,802
1255,2022-12-02,,Operaio,1160,730
1256,2022-12-04,,Gestore,2013,745
1257,2022-12-05,,Supervisore,1485,757
1258,2022-12-07,,Avvocato,1884,509
1259,2022-12-10,,Manager,1594,684
1260,2022-12-13,,Ingegnere ricercatore,1863,804
1261,2022-12-20,'2023-02-28',Addetto ai macchinari,1250,738
1262,2022-12-20,,Rappresentante,1939,566
1263,2022-12-21,,Addetto ai macchinari,1292,760
1264,2022-12-22,'2023-02-18',Tecnico,1304,720
1265,2022-12-22,,Gestore,2024,575
1266,2022-12-23,,Operaio,1219,751
1267,2022-12-23,,Programmatore,1640,792
1268,2022-12-24,,Commercialista,1852,514
1269,2022-12-25,,Rappresentante,1892,589
1270,2022-12-26,,Ingegnere,1946,808
1271,2022-12-27,,Segretario,1473,781
1272,2022-12-29,,Consulente avvocato,1731,766
1273,2022-12-30,,Operaio,1220,754
1274,2023-01-22,,Ingegnere,1940,705
1275,2023-02-11,,Programmatore,1595,735
1276,2023-02-18,,Supervisore,1472,720
1277,2023-02-19,,Programmatore,1580,724
1278,2023-02-23,,Programmatore,1613,714
1279,2023-02-28,,Ingegnere,1943,738
1280,2023-03-12,,Gestore,1998,710
1281,2023-03-23,,Ingegnere ricercatore,1867,719
1282,2023-04-01,,Ingegnere,1862,716
1283,2023-04-02,,Direttore logistica,1783,707
